dataset,target_score,construction_mode,selection_rank,requested_activation_ratio,activation_ratio,event_id,active,line_budget,start_line_id,end_line_id,requested_entropy_per_active_slot,target_entropy_per_active_slot,achieved_entropy_per_active_slot,ground_truth_group_ld,value_counts,placeholder_count,template
Android,0.8,ground-truth,1,0.8944271909999159,0.8899082568807339,E134,1,64,1,64,0.8989690721649485,0.8989690721649485,0.8990758137964506,0.8990758137964506,3 2 2 2 2 2 2 2 2 2 2 2 2 2 2 2 2 2 1 1 1 1 1 1 1 1 1 1 1 1 1 1 1 1 1 1 1 1 1 1 1 1 1 1 1,4,"Skipping, withExcluded: <*>, tr.intent:Intent { act=<*> flg=<*> cmp=<*> (has extras) }"
Android,0.8,ground-truth,2,0.8944271909999159,0.8899082568807339,E7,1,64,65,128,0.8989690721649485,0.8989690721649485,0.8990758137964506,0.8990758137964506,3 2 2 2 2 2 2 2 2 2 2 2 2 2 2 2 2 2 1 1 1 1 1 1 1 1 1 1 1 1 1 1 1 1 1 1 1 1 1 1 1 1 1 1 1,3,<*>: <*> cannot be cast to <*>$Token
Android,0.8,ground-truth,3,0.8944271909999159,0.8899082568807339,E135,1,64,129,192,0.8989690721649485,0.8989690721649485,0.8990758137964506,0.8990758137964506,3 2 2 2 2 2 2 2 2 2 2 2 2 2 2 2 2 2 1 1 1 1 1 1 1 1 1 1 1 1 1 1 1 1 1 1 1 1 1 1 1 1 1 1 1,3,"Skipping, withExcluded: <*>, tr.intent:Intent { flg=<*> cmp=<*> (has extras) }"
Android,0.8,ground-truth,4,0.8944271909999159,0.8899082568807339,E5,1,64,193,256,0.8989690721649485,0.8989690721649485,0.8990758137964506,0.8990758137964506,3 2 2 2 2 2 2 2 2 2 2 2 2 2 2 2 2 2 1 1 1 1 1 1 1 1 1 1 1 1 1 1 1 1 1 1 1 1 1 1 1 1 1 1 1,2,[PhoneIntfMgr] getDataEnabled: subId=<*> phoneId=<*>
Android,0.8,ground-truth,5,0.8944271909999159,0.8899082568807339,E152,1,64,257,320,0.8989690721649485,0.8989690721649485,0.8990758137964506,0.8990758137964506,3 2 2 2 2 2 2 2 2 2 2 2 2 2 2 2 2 2 1 1 1 1 1 1 1 1 1 1 1 1 1 1 1 1 1 1 1 1 1 1 1 1 1 1 1,3,Unable to start service Intent { act=<*> cmp=<*> } U=<*>: not found
Android,0.8,ground-truth,6,0.8944271909999159,0.8899082568807339,E114,1,64,321,384,0.8989690721649485,0.8989690721649485,0.8990758137964506,0.8990758137964506,3 2 2 2 2 2 2 2 2 2 2 2 2 2 2 2 2 2 1 1 1 1 1 1 1 1 1 1 1 1 1 1 1 1 1 1 1 1 1 1 1 1 1 1 1,3,"rotationForOrientationLw(orient=<*>, last=<*>); user=<*> USER_ROTATION_LOCKED"
Android,0.8,ground-truth,7,0.8944271909999159,0.8899082568807339,E146,1,64,385,448,0.8989690721649485,0.8989690721649485,0.8990758137964506,0.8990758137964506,3 2 2 2 2 2 2 2 2 2 2 2 2 2 2 2 2 2 1 1 1 1 1 1 1 1 1 1 1 1 1 1 1 1 1 1 1 1 1 1 1 1 1 1 1,1,stopWifiDisplayScanLocked mWifiDisplayScanRequestCount=<*>
Android,0.8,ground-truth,8,0.8944271909999159,0.8899082568807339,E97,1,64,449,512,0.8989690721649485,0.8989690721649485,0.8990758137964506,0.8990758137964506,3 2 2 2 2 2 2 2 2 2 2 2 2 2 2 2 2 2 1 1 1 1 1 1 1 1 1 1 1 1 1 1 1 1 1 1 1 1 1 1 1 1 1 1 1,7,"overlapAmount:<*>, previousNotificationEnd:<*>, newYTranslation:<*>, location:<*>, i:<*>, getTopPadding:<*>, getLocationOnScreen():<*>"
Android,0.8,ground-truth,9,0.8944271909999159,0.8899082568807339,E33,1,64,513,576,0.8989690721649485,0.8989690721649485,0.8990758137964506,0.8990758137964506,3 2 2 2 2 2 2 2 2 2 2 2 2 2 2 2 2 2 1 1 1 1 1 1 1 1 1 1 1 1 1 1 1 1 1 1 1 1 1 1 1 1 1 1 1,5,"cancelNotificationWithTag pid <*>,uid = <*>,tag = <*>,pkg =<*>,id =<*>"
Android,0.8,ground-truth,10,0.8944271909999159,0.8899082568807339,E116,1,64,577,640,0.8989690721649485,0.8989690721649485,0.8990758137964506,0.8990758137964506,3 2 2 2 2 2 2 2 2 2 2 2 2 2 2 2 2 2 1 1 1 1 1 1 1 1 1 1 1 1 1 1 1 1 1 1 1 1 1 1 1 1 1 1 1,1,scheduleTimeTickEvent triggerAtTime = <*>
Android,0.8,ground-truth,11,0.8944271909999159,0.8899082568807339,E15,1,64,641,704,0.8989690721649485,0.8989690721649485,0.8990758137964506,0.8990758137964506,3 2 2 2 2 2 2 2 2 2 2 2 2 2 2 2 2 2 1 1 1 1 1 1 1 1 1 1 1 1 1 1 1 1 1 1 1 1 1 1 1 1 1 1 1,1,"ActivityManagerService,attachApplication,callingPid = <*>"
Android,0.8,ground-truth,12,0.8944271909999159,0.8899082568807339,E47,1,64,705,768,0.8989690721649485,0.8989690721649485,0.8990758137964506,0.8990758137964506,3 2 2 2 2 2 2 2 2 2 2 2 2 2 2 2 2 2 1 1 1 1 1 1 1 1 1 1 1 1 1 1 1 1 1 1 1 1 1 1 1 1 1 1 1,5,"flingToHeight: vel=<*>, expand=<*>, target=<*>, collapseSpeedUpFactor=<*>, expandBecauseOfFalsing=<*>"
Android,0.8,ground-truth,13,0.8944271909999159,0.8899082568807339,E60,1,64,769,832,0.8989690721649485,0.8989690721649485,0.8990758137964506,0.8990758137964506,3 2 2 2 2 2 2 2 2 2 2 2 2 2 2 2 2 2 1 1 1 1 1 1 1 1 1 1 1 1 1 1 1 1 1 1 1 1 1 1 1 1 1 1 1,1,getStreamVolume treamType: <*>
Android,0.8,ground-truth,14,0.8944271909999159,0.8899082568807339,E4,1,64,833,896,0.8989690721649485,0.8989690721649485,0.8990758137964506,0.8990758137964506,3 2 2 2 2 2 2 2 2 2 2 2 2 2 2 2 2 2 1 1 1 1 1 1 1 1 1 1 1 1 1 1 1 1 1 1 1 1 1 1 1 1 1 1 1,3,"[HSM] stayAwake <*> uid: <*>, pid: <*>"
Android,0.8,ground-truth,15,0.8944271909999159,0.8899082568807339,E61,1,64,897,960,0.8989690721649485,0.8989690721649485,0.8990758137964506,0.8990758137964506,3 2 2 2 2 2 2 2 2 2 2 2 2 2 2 2 2 2 1 1 1 1 1 1 1 1 1 1 1 1 1 1 1 1 1 1 1 1 1 1 1 1 1 1 1,1,getTasks: caller <*> does not hold REAL_GET_TASKS; limiting output
Android,0.8,ground-truth,16,0.8944271909999159,0.8899082568807339,E128,1,64,961,1024,0.8989690721649485,0.8989690721649485,0.8990758137964506,0.8990758137964506,3 2 2 2 2 2 2 2 2 2 2 2 2 2 2 2 2 2 1 1 1 1 1 1 1 1 1 1 1 1 1 1 1 1 1 1 1 1 1 1 1 1 1 1 1,1,shouldBlockLocation ret:<*>
Android,0.8,ground-truth,17,0.8944271909999159,0.8899082568807339,E1,1,64,1025,1088,0.8989690721649485,0.8989690721649485,0.8990758137964506,0.8990758137964506,3 2 2 2 2 2 2 2 2 2 2 2 2 2 2 2 2 2 1 1 1 1 1 1 1 1 1 1 1 1 1 1 1 1 1 1 1 1 1 1 1 1 1 1 1,2,*** register callback for <*>@<*>
Android,0.8,ground-truth,18,0.8944271909999159,0.8899082568807339,E92,1,64,1089,1152,0.8989690721649485,0.8989690721649485,0.8990758137964506,0.8990758137964506,3 2 2 2 2 2 2 2 2 2 2 2 2 2 2 2 2 2 1 1 1 1 1 1 1 1 1 1 1 1 1 1 1 1 1 1 1 1 1 1 1 1 1 1 1,1,"onReceive, action:<*>"
Android,0.8,ground-truth,19,0.8944271909999159,0.8899082568807339,E139,1,64,1153,1216,0.8989690721649485,0.8989690721649485,0.8990758137964506,0.8990758137964506,3 2 2 2 2 2 2 2 2 2 2 2 2 2 2 2 2 2 1 1 1 1 1 1 1 1 1 1 1 1 1 1 1 1 1 1 1 1 1 1 1 1 1 1 1,7,START u0 {act=<*> cat=[<*>] flg=<*> cmp=<*> bnds=<*>} from uid <*> on display <*>
Android,0.8,ground-truth,20,0.8944271909999159,0.8899082568807339,E95,1,64,1217,1280,0.8989690721649485,0.8989690721649485,0.8990758137964506,0.8990758137964506,3 2 2 2 2 2 2 2 2 2 2 2 2 2 2 2 2 2 1 1 1 1 1 1 1 1 1 1 1 1 1 1 1 1 1 1 1 1 1 1 1 1 1 1 1,1,onTrackingStopped: <*>
Android,0.8,ground-truth,21,0.8944271909999159,0.8899082568807339,E136,1,64,1281,1344,0.8989690721649485,0.8989690721649485,0.8990758137964506,0.8990758137964506,3 2 2 2 2 2 2 2 2 2 2 2 2 2 2 2 2 2 1 1 1 1 1 1 1 1 1 1 1 1 1 1 1 1 1 1 1 1 1 1 1 1 1 1 1,4,"Skipping, withExcluded: <*>, tr.intent:Intent { flg=<*> cmp=<*> bnds=<*> }"
Android,0.8,ground-truth,22,0.8944271909999159,0.8899082568807339,E82,1,64,1345,1408,0.8989690721649485,0.8989690721649485,0.8990758137964506,0.8990758137964506,3 2 2 2 2 2 2 2 2 2 2 2 2 2 2 2 2 2 1 1 1 1 1 1 1 1 1 1 1 1 1 1 1 1 1 1 1 1 1 1 1 1 1 1 1,1,mVisiblity.getValue is <*>
Android,0.8,ground-truth,23,0.8944271909999159,0.8899082568807339,E35,1,64,1409,1472,0.8989690721649485,0.8989690721649485,0.8990758137964506,0.8990758137964506,3 2 2 2 2 2 2 2 2 2 2 2 2 2 2 2 2 2 1 1 1 1 1 1 1 1 1 1 1 1 1 1 1 1 1 1 1 1 1 1 1 1 1 1 1,3,ChargingSpeed Wattage: <*> ST: <*> --> <*>
Android,0.8,ground-truth,24,0.8944271909999159,0.8899082568807339,E59,1,64,1473,1536,0.8989690721649485,0.8989690721649485,0.8990758137964506,0.8990758137964506,3 2 2 2 2 2 2 2 2 2 2 2 2 2 2 2 2 2 1 1 1 1 1 1 1 1 1 1 1 1 1 1 1 1 1 1 1 1 1 1 1 1 1 1 1,1,getRunningAppProcesses: caller <*> does not hold REAL_GET_TASKS; limiting output
Android,0.8,ground-truth,25,0.8944271909999159,0.8899082568807339,E83,1,64,1537,1600,0.8989690721649485,0.8989690721649485,0.8990758137964506,0.8990758137964506,3 2 2 2 2 2 2 2 2 2 2 2 2 2 2 2 2 2 1 1 1 1 1 1 1 1 1 1 1 1 1 1 1 1 1 1 1 1 1 1 1 1 1 1 1,6,"new Process app=ProcessRecord{<*> <*>:<*>:<*>}, name: <*>:qzone, euid: <*>"
Android,0.8,ground-truth,26,0.8944271909999159,0.8899082568807339,E50,1,64,1601,1664,0.8989690721649485,0.8989690721649485,0.8990758137964506,0.8990758137964506,3 2 2 2 2 2 2 2 2 2 2 2 2 2 2 2 2 2 1 1 1 1 1 1 1 1 1 1 1 1 1 1 1 1 1 1 1 1 1 1 1 1 1 1 1,2,getCellLocation is blocked by permission manager uid:<*> pid:<*>
Android,0.8,ground-truth,27,0.8944271909999159,0.8899082568807339,E119,1,64,1665,1728,0.8989690721649485,0.8989690721649485,0.8990758137964506,0.8990758137964506,3 2 2 2 2 2 2 2 2 2 2 2 2 2 2 2 2 2 1 1 1 1 1 1 1 1 1 1 1 1 1 1 1 1 1 1 1 1 1 1 1 1 1 1 1,8,"sending alarm Alarm{<*> type <*> when <*> PendingIntent{<*>: PendingIntentRecord{<*> <*> broadcastIntent}}},repeatInterval = <*>,listenerTag =<*>"
Android,0.8,ground-truth,28,0.8944271909999159,0.8899082568807339,E51,1,64,1729,1792,0.8989690721649485,0.8989690721649485,0.8990758137964506,0.8990758137964506,3 2 2 2 2 2 2 2 2 2 2 2 2 2 2 2 2 2 1 1 1 1 1 1 1 1 1 1 1 1 1 1 1 1 1 1 1 1 1 1 1 1 1 1 1,1,getDevicesForStream streamType: <*>
Android,0.8,ground-truth,29,0.8944271909999159,0.8899082568807339,E49,1,64,1793,1856,0.8989690721649485,0.8989690721649485,0.8990758137964506,0.8990758137964506,3 2 2 2 2 2 2 2 2 2 2 2 2 2 2 2 2 2 1 1 1 1 1 1 1 1 1 1 1 1 1 1 1 1 1 1 1 1 1 1 1 1 1 1 1,1,getAllCellInfo is blocked by permission manager . callingPackage = <*>
Android,0.8,ground-truth,30,0.8944271909999159,0.8899082568807339,E98,1,64,1857,1920,0.8989690721649485,0.8989690721649485,0.8990758137964506,0.8990758137964506,3 2 2 2 2 2 2 2 2 2 2 2 2 2 2 2 2 2 1 1 1 1 1 1 1 1 1 1 1 1 1 1 1 1 1 1 1 1 1 1 1 1 1 1 1,1,Pid:<*> MediaPlayer destructor
Android,0.8,ground-truth,31,0.8944271909999159,0.8899082568807339,E166,1,64,1921,1984,0.8989690721649485,0.8989690721649485,0.8990758137964506,0.8990758137964506,3 2 2 2 2 2 2 2 2 2 2 2 2 2 2 2 2 2 1 1 1 1 1 1 1 1 1 1 1 1 1 1 1 1 1 1 1 1 1 1 1 1 1 1 1,2,visible is <*> gt <*>
Android,0.8,ground-truth,32,0.8944271909999159,0.8899082568807339,E163,1,64,1985,2048,0.8989690721649485,0.8989690721649485,0.8990758137964506,0.8990758137964506,3 2 2 2 2 2 2 2 2 2 2 2 2 2 2 2 2 2 1 1 1 1 1 1 1 1 1 1 1 1 1 1 1 1 1 1 1 1 1 1 1 1 1 1 1,2,"updateNotificationShade: total=<*>, active=<*>"
Android,0.8,ground-truth,33,0.8944271909999159,0.8899082568807339,E17,1,64,2049,2112,0.8989690721649485,0.8989690721649485,0.8990758137964506,0.8990758137964506,3 2 2 2 2 2 2 2 2 2 2 2 2 2 2 2 2 2 1 1 1 1 1 1 1 1 1 1 1 1 1 1 1 1 1 1 1 1 1 1 1 1 1 1 1,5,addNotification key=<*>|<*>|<*>|<*>|<*>
Android,0.8,ground-truth,34,0.8944271909999159,0.8899082568807339,E160,1,64,2113,2176,0.8989690721649485,0.8989690721649485,0.8990758137964506,0.8990758137964506,3 2 2 2 2 2 2 2 2 2 2 2 2 2 2 2 2 2 1 1 1 1 1 1 1 1 1 1 1 1 1 1 1 1 1 1 1 1 1 1 1 1 1 1 1,2,"updateLightsLocked,mInCall =<*>,mScreenOn = <*>,ledNotification == null?false"
Android,0.8,ground-truth,35,0.8944271909999159,0.8899082568807339,E38,1,64,2177,2240,0.8989690721649485,0.8989690721649485,0.8990758137964506,0.8990758137964506,3 2 2 2 2 2 2 2 2 2 2 2 2 2 2 2 2 2 1 1 1 1 1 1 1 1 1 1 1 1 1 1 1 1 1 1 1 1 1 1 1 1 1 1 1,2,"cleanUpApplicationRecordLocked, reset pid: <*>, euid: <*>"
Android,0.8,ground-truth,36,0.8944271909999159,0.8899082568807339,E147,1,64,2241,2304,0.8989690721649485,0.8989690721649485,0.8990758137964506,0.8990758137964506,3 2 2 2 2 2 2 2 2 2 2 2 2 2 2 2 2 2 1 1 1 1 1 1 1 1 1 1 1 1 1 1 1 1 1 1 1 1 1 1 1 1 1 1 1,1,stopWifiDisplayScanLocked record.mWifiDisplayScanRequested=<*>
Android,0.8,ground-truth,37,0.8944271909999159,0.8899082568807339,E159,1,64,2305,2368,0.8989690721649485,0.8989690721649485,0.8990758137964506,0.8990758137964506,3 2 2 2 2 2 2 2 2 2 2 2 2 2 2 2 2 2 1 1 1 1 1 1 1 1 1 1 1 1 1 1 1 1 1 1 1 1 1 1 1 1 1 1 1,5,"updateIsPoweredLocked: wasPowered=<*>, mIsPowered=<*>, oldPlugType=<*>, mPlugType=<*>, mBatteryLevel=<*>"
Android,0.8,ground-truth,38,0.8944271909999159,0.8899082568807339,E133,1,64,2369,2432,0.8989690721649485,0.8989690721649485,0.8990758137964506,0.8990758137964506,3 2 2 2 2 2 2 2 2 2 2 2 2 2 2 2 2 2 1 1 1 1 1 1 1 1 1 1 1 1 1 1 1 1 1 1 1 1 1 1 1 1 1 1 1,6,"Skipping, withExcluded: <*>, tr.intent:Intent { act=<*> dat=<*> typ=<*> flg=<*> cmp=<*> (has extras) }"
Android,0.8,ground-truth,39,0.8944271909999159,0.8899082568807339,E24,1,64,2433,2496,0.8989690721649485,0.8989690721649485,0.8990758137964506,0.8990758137964506,3 2 2 2 2 2 2 2 2 2 2 2 2 2 2 2 2 2 1 1 1 1 1 1 1 1 1 1 1 1 1 1 1 1 1 1 1 1 1 1 1 1 1 1 1,1,ApStaDisabledState what=<*>
Android,0.8,ground-truth,40,0.8944271909999159,0.8899082568807339,E124,1,64,2497,2560,0.8989690721649485,0.8989690721649485,0.8990758137964506,0.8990758137964506,3 2 2 2 2 2 2 2 2 2 2 2 2 2 2 2 2 2 1 1 1 1 1 1 1 1 1 1 1 1 1 1 1 1 1 1 1 1 1 1 1 1 1 1 1,1,setSpeakerphoneOn on: <*>
Android,0.8,ground-truth,41,0.8944271909999159,0.8899082568807339,E37,1,64,2561,2624,0.8989690721649485,0.8989690721649485,0.8990758137964506,0.8990758137964506,3 2 2 2 2 2 2 2 2 2 2 2 2 2 2 2 2 2 1 1 1 1 1 1 1 1 1 1 1 1 1 1 1 1 1 1 1 1 1 1 1 1 1 1 1,2,"cleanUpApplicationRecordLocked, pid: <*>, restart: <*>"
Android,0.8,ground-truth,42,0.8944271909999159,0.8899082568807339,E22,1,64,2625,2688,0.8989690721649485,0.8989690721649485,0.8990758137964506,0.8990758137964506,3 2 2 2 2 2 2 2 2 2 2 2 2 2 2 2 2 2 1 1 1 1 1 1 1 1 1 1 1 1 1 1 1 1 1 1 1 1 1 1 1 1 1 1 1,2,"Application requested orientation <*>, got rotation <*> which has compatible metrics"
Android,0.8,ground-truth,43,0.8944271909999159,0.8899082568807339,E141,1,64,2689,2752,0.8989690721649485,0.8989690721649485,0.8990758137964506,0.8990758137964506,3 2 2 2 2 2 2 2 2 2 2 2 2 2 2 2 2 2 1 1 1 1 1 1 1 1 1 1 1 1 1 1 1 1 1 1 1 1 1 1 1 1 1 1 1,4,START u0 {flg=<*> cmp=<*> (has extras)} from uid <*> on display <*>
Android,0.8,ground-truth,44,0.8944271909999159,0.8899082568807339,E6,1,64,2753,2816,0.8989690721649485,0.8989690721649485,0.8990758137964506,0.8990758137964506,3 2 2 2 2 2 2 2 2 2 2 2 2 2 2 2 2 2 1 1 1 1 1 1 1 1 1 1 1 1 1 1 1 1 1 1 1 1 1 1 1 1 1 1 1,2,[PhoneIntfMgr] getDataEnabled: subId=<*> retVal=<*>
Android,0.8,ground-truth,45,0.8944271909999159,0.8899082568807339,E165,1,64,2817,2880,0.8989690721649485,0.8989690721649485,0.8990758137964506,0.8990758137964506,3 2 2 2 2 2 2 2 2 2 2 2 2 2 2 2 2 2 1 1 1 1 1 1 1 1 1 1 1 1 1 1 1 1 1 1 1 1 1 1 1 1 1 1 1,1,visible is <*>
Android,0.8,ground-truth,46,0.8944271909999159,0.8899082568807339,E18,1,64,2881,2944,0.8989690721649485,0.8989690721649485,0.8990758137964506,0.8990758137964506,3 2 2 2 2 2 2 2 2 2 2 2 2 2 2 2 2 2 1 1 1 1 1 1 1 1 1 1 1 1 1 1 1 1 1 1 1 1 1 1 1 1 1 1 1,4,"animateCollapsePanels:flags=<*>, force=<*>, delayed=<*>, mExpandedVisible=<*>"
Android,0.8,ground-truth,47,0.8944271909999159,0.8899082568807339,E73,1,64,2945,3008,0.8989690721649485,0.8989690721649485,0.8990758137964506,0.8990758137964506,3 2 2 2 2 2 2 2 2 2 2 2 2 2 2 2 2 2 1 1 1 1 1 1 1 1 1 1 1 1 1 1 1 1 1 1 1 1 1 1 1 1 1 1 1,1,isSimPinSecure mSimDatas is <*> or empty
Android,0.8,ground-truth,48,0.8944271909999159,0.8899082568807339,E64,1,64,3009,3072,0.8989690721649485,0.8989690721649485,0.8990758137964506,0.8990758137964506,3 2 2 2 2 2 2 2 2 2 2 2 2 2 2 2 2 2 1 1 1 1 1 1 1 1 1 1 1 1 1 1 1 1 1 1 1 1 1 1 1 1 1 1 1,1,HBM brightnessIn =<*>
Android,0.8,ground-truth,49,0.8944271909999159,0.8899082568807339,E67,1,64,3073,3136,0.8989690721649485,0.8989690721649485,0.8990758137964506,0.8990758137964506,3 2 2 2 2 2 2 2 2 2 2 2 2 2 2 2 2 2 1 1 1 1 1 1 1 1 1 1 1 1 1 1 1 1 1 1 1 1 1 1 1 1 1 1 1,2,"interceptKeyBeforeQueueing: key <*> , result : <*>"
Android,0.8,ground-truth,50,0.8944271909999159,0.8899082568807339,E108,1,64,3137,3200,0.8989690721649485,0.8989690721649485,0.8990758137964506,0.8990758137964506,3 2 2 2 2 2 2 2 2 2 2 2 2 2 2 2 2 2 1 1 1 1 1 1 1 1 1 1 1 1 1 1 1 1 1 1 1 1 1 1 1 1 1 1 1,7,"release:lock=<*>, flg=<*>, tag=""<*>"", name=<*>, ws=<*>, uid=<*>, pid=<*>"
Android,0.8,ground-truth,51,0.8944271909999159,0.8899082568807339,E12,1,64,3201,3264,0.8989690721649485,0.8989690721649485,0.8990758137964506,0.8990758137964506,3 2 2 2 2 2 2 2 2 2 2 2 2 2 2 2 2 2 1 1 1 1 1 1 1 1 1 1 1 1 1 1 1 1 1 1 1 1 1 1 1 1 1 1 1,2,ACTION_BATTERY_CHANGED AMP: <*>; Volt: <*>
Android,0.8,ground-truth,52,0.8944271909999159,0.8899082568807339,E111,1,64,3265,3328,0.8989690721649485,0.8989690721649485,0.8990758137964506,0.8990758137964506,3 2 2 2 2 2 2 2 2 2 2 2 2 2 2 2 2 2 1 1 1 1 1 1 1 1 1 1 1 1 1 1 1 1 1 1 1 1 1 1 1 1 1 1 1,5,removeNotification:<*>|<*>|<*>|<*>|<*>
Android,0.8,ground-truth,53,0.8944271909999159,0.8899082568807339,E16,1,64,3329,3392,0.8989690721649485,0.8989690721649485,0.8990758137964506,0.8990758137964506,3 2 2 2 2 2 2 2 2 2 2 2 2 2 2 2 2 2 1 1 1 1 1 1 1 1 1 1 1 1 1 1 1 1 1 1 1 1 1 1 1 1 1 1 1,3,"ActivityRecord info: ActivityInfo{<*> <*>}, euid: <*>"
Android,0.8,ground-truth,54,0.8944271909999159,0.8899082568807339,E8,1,64,3393,3456,0.8989690721649485,0.8989690721649485,0.8990758137964506,0.8990758137964506,3 2 2 2 2 2 2 2 2 2 2 2 2 2 2 2 2 2 1 1 1 1 1 1 1 1 1 1 1 1 1 1 1 1 1 1 1 1 1 1 1 1 1 1 1,1,<*>: Must execute in UI
Android,0.8,ground-truth,55,0.8944271909999159,0.8899082568807339,E127,1,64,3457,3520,0.8989690721649485,0.8989690721649485,0.8990758137964506,0.8990758137964506,3 2 2 2 2 2 2 2 2 2 2 2 2 2 2 2 2 2 1 1 1 1 1 1 1 1 1 1 1 1 1 1 1 1 1 1 1 1 1 1 1 1 1 1 1,2,setWiredDeviceConnectionState type: <*> state: <*>
Android,0.8,ground-truth,56,0.8944271909999159,0.8899082568807339,E142,1,64,3521,3584,0.8989690721649485,0.8989690721649485,0.8990758137964506,0.8990758137964506,3 2 2 2 2 2 2 2 2 2 2 2 2 2 2 2 2 2 1 1 1 1 1 1 1 1 1 1 1 1 1 1 1 1 1 1 1 1 1 1 1 1 1 1 1,2,startActivity called from non-Activity context; forcing Intent.FLAG_ACTIVITY_NEW_TASK for: Intent { flg=<*> cmp=<*> (has extras) }
Android,0.8,ground-truth,57,0.8944271909999159,0.8899082568807339,E21,1,64,3585,3648,0.8989690721649485,0.8989690721649485,0.8990758137964506,0.8990758137964506,3 2 2 2 2 2 2 2 2 2 2 2 2 2 2 2 2 2 1 1 1 1 1 1 1 1 1 1 1 1 1 1 1 1 1 1 1 1 1 1 1 1 1 1 1,2,"Animating brightness: target=<*>, rate=<*>"
Android,0.8,ground-truth,58,0.8944271909999159,0.8899082568807339,E40,1,64,3649,3712,0.8989690721649485,0.8989690721649485,0.8990758137964506,0.8990758137964506,3 2 2 2 2 2 2 2 2 2 2 2 2 2 2 2 2 2 1 1 1 1 1 1 1 1 1 1 1 1 1 1 1 1 1 1 1 1 1 1 1 1 1 1 1,1,DefaultState what=<*>
Android,0.8,ground-truth,59,0.8944271909999159,0.8899082568807339,E31,1,64,3713,3776,0.8989690721649485,0.8989690721649485,0.8990758137964506,0.8990758137964506,3 2 2 2 2 2 2 2 2 2 2 2 2 2 2 2 2 2 1 1 1 1 1 1 1 1 1 1 1 1 1 1 1 1 1 1 1 1 1 1 1 1 1 1 1,1,"cancelNotificationLocked,remove =<*>"
Android,0.8,ground-truth,60,0.8944271909999159,0.8899082568807339,E121,1,64,3777,3840,0.8989690721649485,0.8989690721649485,0.8990758137964506,0.8990758137964506,3 2 2 2 2 2 2 2 2 2 2 2 2 2 2 2 2 2 1 1 1 1 1 1 1 1 1 1 1 1 1 1 1 1 1 1 1 1 1 1 1 1 1 1 1,4,Sending non-protected broadcast <*> from system <*>:<*> pkg <*>
Android,0.8,ground-truth,61,0.8944271909999159,0.8899082568807339,E118,1,64,3841,3904,0.8989690721649485,0.8989690721649485,0.8990758137964506,0.8990758137964506,3 2 2 2 2 2 2 2 2 2 2 2 2 2 2 2 2 2 1 1 1 1 1 1 1 1 1 1 1 1 1 1 1 1 1 1 1 1 1 1 1 1 1 1 1,3,Screen frozen for <*> due to Window{<*> u0 <*>}
Android,0.8,ground-truth,62,0.8944271909999159,0.8899082568807339,E54,1,64,3905,3968,0.8989690721649485,0.8989690721649485,0.8990758137964506,0.8990758137964506,3 2 2 2 2 2 2 2 2 2 2 2 2 2 2 2 2 2 1 1 1 1 1 1 1 1 1 1 1 1 1 1 1 1 1 1 1 1 1 1 1 1 1 1 1,1,getNeighboringCellInfo calling app is <*>
Android,0.8,ground-truth,63,0.8944271909999159,0.8899082568807339,E132,1,64,3969,4032,0.8989690721649485,0.8989690721649485,0.8990758137964506,0.8990758137964506,3 2 2 2 2 2 2 2 2 2 2 2 2 2 2 2 2 2 1 1 1 1 1 1 1 1 1 1 1 1 1 1 1 1 1 1 1 1 1 1 1 1 1 1 1,5,"Skipping, withExcluded: <*>, tr.intent:Intent { act=<*> dat=<*> flg=<*> cmp=<*> (has extras) }"
Android,0.8,ground-truth,64,0.8944271909999159,0.8899082568807339,E164,1,64,4033,4096,0.8989690721649485,0.8989690721649485,0.8990758137964506,0.8990758137964506,3 2 2 2 2 2 2 2 2 2 2 2 2 2 2 2 2 2 1 1 1 1 1 1 1 1 1 1 1 1 1 1 1 1 1 1 1 1 1 1 1 1 1 1 1,4,"userActivityNoUpdateLocked: eventTime=<*>, event=<*>, flags=<*>, uid=<*>"
Android,0.8,ground-truth,65,0.8944271909999159,0.8899082568807339,E52,1,64,4097,4160,0.8989690721649485,0.8989690721649485,0.8990758137964506,0.8990758137964506,3 2 2 2 2 2 2 2 2 2 2 2 2 2 2 2 2 2 1 1 1 1 1 1 1 1 1 1 1 1 1 1 1 1 1 1 1 1 1 1 1 1 1 1 1,1,getLastAudibleStreamVolume treamType: <*>
Android,0.8,ground-truth,66,0.8944271909999159,0.8899082568807339,E161,1,64,4161,4224,0.8989690721649485,0.8989690721649485,0.8990758137964506,0.8990758137964506,3 2 2 2 2 2 2 2 2 2 2 2 2 2 2 2 2 2 1 1 1 1 1 1 1 1 1 1 1 1 1 1 1 1 1 1 1 1 1 1 1 1 1 1 1,2,"updateLightsLocked,mInCall =<*>,mScreenOn = <*>,ledNotification == null?true"
Android,0.8,ground-truth,67,0.8944271909999159,0.8899082568807339,E3,1,64,4225,4288,0.8989690721649485,0.8989690721649485,0.8990758137964506,0.8990758137964506,3 2 2 2 2 2 2 2 2 2 2 2 2 2 2 2 2 2 1 1 1 1 1 1 1 1 1 1 1 1 1 1 1 1 1 1 1 1 1 1 1 1 1 1 1,1,*** unregister callback for <*>
Android,0.8,ground-truth,68,0.8944271909999159,0.8899082568807339,E137,1,64,4289,4352,0.8989690721649485,0.8989690721649485,0.8990758137964506,0.8990758137964506,3 2 2 2 2 2 2 2 2 2 2 2 2 2 2 2 2 2 1 1 1 1 1 1 1 1 1 1 1 1 1 1 1 1 1 1 1 1 1 1 1 1 1 1 1,2,"Start dump, calling from : pid=<*>, uid=<*>"
Android,0.8,ground-truth,69,0.8944271909999159,0.8899082568807339,E2,1,64,4353,4416,0.8989690721649485,0.8989690721649485,0.8990758137964506,0.8990758137964506,3 2 2 2 2 2 2 2 2 2 2 2 2 2 2 2 2 2 1 1 1 1 1 1 1 1 1 1 1 1 1 1 1 1 1 1 1 1 1 1 1 1 1 1 1,2,*** unregister callback for <*>@<*>
Android,0.8,ground-truth,70,0.8944271909999159,0.8899082568807339,E155,1,64,4417,4480,0.8989690721649485,0.8989690721649485,0.8990758137964506,0.8990758137964506,3 2 2 2 2 2 2 2 2 2 2 2 2 2 2 2 2 2 1 1 1 1 1 1 1 1 1 1 1 1 1 1 1 1 1 1 1 1 1 1 1 1 1 1 1,3,"updateClipping isOverlap:<*>, getTopPadding=<*>, Translation=<*>"
Android,0.8,ground-truth,71,0.8944271909999159,0.8899082568807339,E125,1,64,4481,4544,0.8989690721649485,0.8989690721649485,0.8990758137964506,0.8990758137964506,3 2 2 2 2 2 2 2 2 2 2 2 2 2 2 2 2 2 1 1 1 1 1 1 1 1 1 1 1 1 1 1 1 1 1 1 1 1 1 1 1 1 1 1 1,1,setSpeakerphoneOn on:<*>
Android,0.8,ground-truth,72,0.8944271909999159,0.8899082568807339,E10,1,64,4545,4608,0.8989690721649485,0.8989690721649485,0.8990758137964506,0.8990758137964506,3 2 2 2 2 2 2 2 2 2 2 2 2 2 2 2 2 2 1 1 1 1 1 1 1 1 1 1 1 1 1 1 1 1 1 1 1 1 1 1 1 1 1 1 1,7,"acquire lock=<*>, flags=<*>, tag=""<*>"", name=<*>, ws=<*>, uid=<*>, pid=<*>"
Android,0.8,ground-truth,73,0.8944271909999159,0.8899082568807339,E93,1,64,4609,4672,0.8989690721649485,0.8989690721649485,0.8990758137964506,0.8990758137964506,3 2 2 2 2 2 2 2 2 2 2 2 2 2 2 2 2 2 1 1 1 1 1 1 1 1 1 1 1 1 1 1 1 1 1 1 1 1 1 1 1 1 1 1 1,3,"onTouchEvent::<*>, x=<*>, y=<*>"
Android,0.8,ground-truth,74,0.8944271909999159,0.8899082568807339,E30,1,64,4673,4736,0.8989690721649485,0.8989690721649485,0.8990758137964506,0.8990758137964506,3 2 2 2 2 2 2 2 2 2 2 2 2 2 2 2 2 2 1 1 1 1 1 1 1 1 1 1 1 1 1 1 1 1 1 1 1 1 1 1 1 1 1 1 1,1,"cancelNotificationLocked called,tell the app,reason = <*>"
Android,0.8,ground-truth,75,0.8944271909999159,0.8899082568807339,E117,1,64,4737,4800,0.8989690721649485,0.8989690721649485,0.8990758137964506,0.8990758137964506,3 2 2 2 2 2 2 2 2 2 2 2 2 2 2 2 2 2 1 1 1 1 1 1 1 1 1 1 1 1 1 1 1 1 1 1 1 1 1 1 1 1 1 1 1,2,Scheduling restart of crashed service <*> in <*>
Android,0.8,ground-truth,76,0.8944271909999159,0.8899082568807339,E154,1,64,4801,4864,0.8989690721649485,0.8989690721649485,0.8990758137964506,0.8990758137964506,3 2 2 2 2 2 2 2 2 2 2 2 2 2 2 2 2 2 1 1 1 1 1 1 1 1 1 1 1 1 1 1 1 1 1 1 1 1 1 1 1 1 1 1 1,1,updateChargingLocked: charging=<*>
Android,0.8,ground-truth,77,0.8944271909999159,0.8899082568807339,E32,1,64,4865,4928,0.8989690721649485,0.8989690721649485,0.8990758137964506,0.8990758137964506,3 2 2 2 2 2 2 2 2 2 2 2 2 2 2 2 2 2 1 1 1 1 1 1 1 1 1 1 1 1 1 1 1 1 1 1 1 1 1 1 1 1 1 1 1,5,cancelNotificationLocked:<*>|<*>|<*>|<*>|<*>
Android,0.8,ground-truth,78,0.8944271909999159,0.8899082568807339,E145,1,64,4929,4992,0.8989690721649485,0.8989690721649485,0.8990758137964506,0.8990758137964506,3 2 2 2 2 2 2 2 2 2 2 2 2 2 2 2 2 2 1 1 1 1 1 1 1 1 1 1 1 1 1 1 1 1 1 1 1 1 1 1 1 1 1 1 1,2,"state.clipTopAmount:<*>, i:<*>"
Android,0.8,ground-truth,79,0.8944271909999159,0.8899082568807339,E23,1,64,4993,5056,0.8989690721649485,0.8989690721649485,0.8990758137964506,0.8990758137964506,3 2 2 2 2 2 2 2 2 2 2 2 2 2 2 2 2 2 1 1 1 1 1 1 1 1 1 1 1 1 1 1 1 1 1 1 1 1 1 1 1 1 1 1 1,1,applyOptionsLocked: Unknown animationType=<*>
Android,0.8,ground-truth,80,0.8944271909999159,0.8899082568807339,E13,1,64,5057,5120,0.8989690721649485,0.8989690721649485,0.8990758137964506,0.8990758137964506,3 2 2 2 2 2 2 2 2 2 2 2 2 2 2 2 2 2 1 1 1 1 1 1 1 1 1 1 1 1 1 1 1 1 1 1 1 1 1 1 1 1 1 1 1,1,ACTION_BATTERY_CHANGED pluggedType: <*>
Android,0.8,ground-truth,81,0.8944271909999159,0.8899082568807339,E84,1,64,5121,5184,0.8989690721649485,0.8989690721649485,0.8990758137964506,0.8990758137964506,3 2 2 2 2 2 2 2 2 2 2 2 2 2 2 2 2 2 1 1 1 1 1 1 1 1 1 1 1 1 1 1 1 1 1 1 1 1 1 1 1 1 1 1 1,2,"notifyUiVisibilityChanged:vis=<*>, SystemUiVisibility=<*>"
Android,0.8,ground-truth,82,0.8944271909999159,0.8899082568807339,E25,1,64,5185,5248,0.8989690721649485,0.8989690721649485,0.8990758137964506,0.8990758137964506,3 2 2 2 2 2 2 2 2 2 2 2 2 2 2 2 2 2 1 1 1 1 1 1 1 1 1 1 1 1 1 1 1 1 1 1 1 1 1 1 1 1 1 1 1,2,Bad activity token: <*>@<*>
Android,0.8,ground-truth,83,0.8944271909999159,0.8899082568807339,E56,1,64,5249,5312,0.8989690721649485,0.8989690721649485,0.8990758137964506,0.8990758137964506,3 2 2 2 2 2 2 2 2 2 2 2 2 2 2 2 2 2 1 1 1 1 1 1 1 1 1 1 1 1 1 1 1 1 1 1 1 1 1 1 1 1 1 1 1,1,getRecentTasks: topActivity=ComponentInfo{<*>}
Android,0.8,ground-truth,84,0.8944271909999159,0.8899082568807339,E101,1,64,5313,5376,0.8989690721649485,0.8989690721649485,0.8990758137964506,0.8990758137964506,3 2 2 2 2 2 2 2 2 2 2 2 2 2 2 2 2 2 1 1 1 1 1 1 1 1 1 1 1 1 1 1 1 1 1 1 1 1 1 1 1 1 1 1 1,2,Process <*>:qzone (pid <*>) has died
Android,0.8,ground-truth,85,0.8944271909999159,0.8899082568807339,E55,1,64,5377,5440,0.8989690721649485,0.8989690721649485,0.8990758137964506,0.8990758137964506,3 2 2 2 2 2 2 2 2 2 2 2 2 2 2 2 2 2 1 1 1 1 1 1 1 1 1 1 1 1 1 1 1 1 1 1 1 1 1 1 1 1 1 1 1,3,"getRecentTasks: num=<*>,flags=<*>,totalTasks=<*>"
Android,0.8,ground-truth,86,0.8944271909999159,0.8899082568807339,E36,1,64,5441,5504,0.8989690721649485,0.8989690721649485,0.8990758137964506,0.8990758137964506,3 2 2 2 2 2 2 2 2 2 2 2 2 2 2 2 2 2 1 1 1 1 1 1 1 1 1 1 1 1 1 1 1 1 1 1 1 1 1 1 1 1 1 1 1,1,cleanUpApplicationRecord -- <*>
Android,0.8,ground-truth,87,0.8944271909999159,0.8899082568807339,E104,1,64,5505,5568,0.8989690721649485,0.8989690721649485,0.8990758137964506,0.8990758137964506,3 2 2 2 2 2 2 2 2 2 2 2 2 2 2 2 2 2 1 1 1 1 1 1 1 1 1 1 1 1 1 1 1 1 1 1 1 1 1 1 1 1 1 1 1,1,received broadcast <*>
Android,0.8,ground-truth,88,0.8944271909999159,0.8899082568807339,E75,1,64,5569,5632,0.8989690721649485,0.8989690721649485,0.8990758137964506,0.8990758137964506,3 2 2 2 2 2 2 2 2 2 2 2 2 2 2 2 2 2 1 1 1 1 1 1 1 1 1 1 1 1 1 1 1 1 1 1 1 1 1 1 1 1 1 1 1,4,Killing <*>:<*> (adj <*>): empty for <*>
Android,0.8,ground-truth,89,0.8944271909999159,0.8899082568807339,E29,1,64,5633,5696,0.8989690721649485,0.8989690721649485,0.8990758137964506,0.8990758137964506,3 2 2 2 2 2 2 2 2 2 2 2 2 2 2 2 2 2 1 1 1 1 1 1 1 1 1 1 1 1 1 1 1 1 1 1 1 1 1 1 1 1 1 1 1,1,"cancelNotification,index:<*>"
Android,0.8,ground-truth,90,0.8944271909999159,0.8899082568807339,E26,1,64,5697,5760,0.8989690721649485,0.8989690721649485,0.8990758137964506,0.8990758137964506,3 2 2 2 2 2 2 2 2 2 2 2 2 2 2 2 2 2 1 1 1 1 1 1 1 1 1 1 1 1 1 1 1 1 1 1 1 1 1 1 1 1 1 1 1,1,battery changed pluggedType: <*>
Android,0.8,ground-truth,91,0.8944271909999159,0.8899082568807339,E122,1,64,5761,5824,0.8989690721649485,0.8989690721649485,0.8990758137964506,0.8990758137964506,3 2 2 2 2 2 2 2 2 2 2 2 2 2 2 2 2 2 1 1 1 1 1 1 1 1 1 1 1 1 1 1 1 1 1 1 1 1 1 1 1 1 1 1 1,3,"setDataSource(<*>, <*>, <*>)"
Android,0.8,ground-truth,92,0.8944271909999159,0.8899082568807339,E41,1,64,5825,5888,0.8989690721649485,0.8989690721649485,0.8990758137964506,0.8990758137964506,3 2 2 2 2 2 2 2 2 2 2 2 2 2 2 2 2 2 1 1 1 1 1 1 1 1 1 1 1 1 1 1 1 1 1 1 1 1 1 1 1 1 1 1 1,2,Destroying surface Surface(name=<*>) called by <*>
Android,0.8,ground-truth,93,0.8944271909999159,0.8899082568807339,E99,1,64,5889,5952,0.8989690721649485,0.8989690721649485,0.8990758137964506,0.8990758137964506,3 2 2 2 2 2 2 2 2 2 2 2 2 2 2 2 2 2 1 1 1 1 1 1 1 1 1 1 1 1 1 1 1 1 1 1 1 1 1 1 1 1 1 1 1,1,playSoundEffect effectType: <*>
Android,0.8,ground-truth,94,0.8944271909999159,0.8899082568807339,E44,1,64,5953,6016,0.8989690721649485,0.8989690721649485,0.8990758137964506,0.8990758137964506,3 2 2 2 2 2 2 2 2 2 2 2 2 2 2 2 2 2 1 1 1 1 1 1 1 1 1 1 1 1 1 1 1 1 1 1 1 1 1 1 1 1 1 1 1,1,enqueueNotificationInternal: n.getKey = <*>
Android,0.8,ground-truth,95,0.8944271909999159,0.8899082568807339,E106,1,64,6017,6080,0.8989690721649485,0.8989690721649485,0.8990758137964506,0.8990758137964506,3 2 2 2 2 2 2 2 2 2 2 2 2 2 2 2 2 2 1 1 1 1 1 1 1 1 1 1 1 1 1 1 1 1 1 1 1 1 1 1 1 1 1 1 1,1,RefreshBatteryInfo isBatteryLow: <*>
Android,0.8,ground-truth,96,0.8944271909999159,0.8899082568807339,E123,1,64,6081,6144,0.8989690721649485,0.8989690721649485,0.8990758137964506,0.8990758137964506,3 2 2 2 2 2 2 2 2 2 2 2 2 2 2 2 2 2 1 1 1 1 1 1 1 1 1 1 1 1 1 1 1 1 1 1 1 1 1 1 1 1 1 1 1,1,setLightsOn(<*>)
Android,0.8,ground-truth,97,0.8944271909999159,0.8899082568807339,E65,1,64,6145,6208,0.8989690721649485,0.8989690721649485,0.8990758137964506,0.8990758137964506,3 2 2 2 2 2 2 2 2 2 2 2 2 2 2 2 2 2 1 1 1 1 1 1 1 1 1 1 1 1 1 1 1 1 1 1 1 1 1 1 1 1 1 1 1,1,HBM brightnessOut =<*>
Android,0.8,ground-truth,98,0.8944271909999159,0.8899082568807339,E110,0,64,6209,6272,0.8989690721649485,0.8989690721649485,0.8990758137964506,0.0,3 2 2 2 2 2 2 2 2 2 2 2 2 2 2 2 2 2 1 1 1 1 1 1 1 1 1 1 1 1 1 1 1 1 1 1 1 1 1 1 1 1 1 1 1,3,remove(PendingIntent{<*>: PendingIntentRecord{<*> <*> broadcastIntent}}) changed bounds; rebatching
Android,0.8,ground-truth,99,0.8944271909999159,0.8899082568807339,E138,0,64,6273,6336,0.8989690721649485,0.8989690721649485,0.8990758137964506,0.0,3 2 2 2 2 2 2 2 2 2 2 2 2 2 2 2 2 2 1 1 1 1 1 1 1 1 1 1 1 1 1 1 1 1 1 1 1 1 1 1 1 1 1 1 1,4,Start proc <*>:<*>:<*> for service <*>
Android,0.8,ground-truth,100,0.8944271909999159,0.8899082568807339,E140,0,64,6337,6400,0.8989690721649485,0.8989690721649485,0.8990758137964506,0.0,3 2 2 2 2 2 2 2 2 2 2 2 2 2 2 2 2 2 1 1 1 1 1 1 1 1 1 1 1 1 1 1 1 1 1 1 1 1 1 1 1 1 1 1 1,5,START u0 {act=<*> flg=<*> cmp=<*> (has extras)} from uid <*> on display <*>
Android,0.8,ground-truth,101,0.8944271909999159,0.8899082568807339,E80,0,64,6401,6464,0.8989690721649485,0.8989690721649485,0.8990758137964506,0.0,3 2 2 2 2 2 2 2 2 2 2 2 2 2 2 2 2 2 1 1 1 1 1 1 1 1 1 1 1 1 1 1 1 1 1 1 1 1 1 1 1 1 1 1 1,5,Marking notification as seen <*>|<*>|<*>|<*>|<*>
Android,0.8,ground-truth,102,0.8944271909999159,0.8899082568807339,E120,0,64,6465,6528,0.8989690721649485,0.8989690721649485,0.8990758137964506,0.0,3 2 2 2 2 2 2 2 2 2 2 2 2 2 2 2 2 2 1 1 1 1 1 1 1 1 1 1 1 1 1 1 1 1 1 1 1 1 1 1 1 1 1 1 1,6,"sending alarm Alarm{<*> type <*> when <*> PendingIntent{<*>: PendingIntentRecord{<*> android broadcastIntent}}},repeatInterval = <*>,listenerTag =time_tick"
Android,0.8,ground-truth,103,0.8944271909999159,0.8899082568807339,E14,0,64,6529,6592,0.8989690721649485,0.8989690721649485,0.8990758137964506,0.0,3 2 2 2 2 2 2 2 2 2 2 2 2 2 2 2 2 2 1 1 1 1 1 1 1 1 1 1 1 1 1 1 1 1 1 1 1 1 1 1 1 1 1 1 1,2,"ACTIVITY check resid: <*>, size=<*>"
Android,0.8,ground-truth,104,0.8944271909999159,0.8899082568807339,E28,0,64,6593,6656,0.8989690721649485,0.8989690721649485,0.8990758137964506,0.0,3 2 2 2 2 2 2 2 2 2 2 2 2 2 2 2 2 2 1 1 1 1 1 1 1 1 1 1 1 1 1 1 1 1 1 1 1 1 1 1 1 1 1 1 1,2,"cancelNotification,cancelNotificationLocked,callingUid = <*>,callingPid = <*>"
Android,0.8,ground-truth,105,0.8944271909999159,0.8899082568807339,E131,0,64,6657,6720,0.8989690721649485,0.8989690721649485,0.8990758137964506,0.0,3 2 2 2 2 2 2 2 2 2 2 2 2 2 2 2 2 2 1 1 1 1 1 1 1 1 1 1 1 1 1 1 1 1 1 1 1 1 1 1 1 1 1 1 1,4,Skipping AppWindowToken{<*> token=Token{<*> ActivityRecord{<*> u0 <*>}}} -- going to hide
Android,0.8,ground-truth,106,0.8944271909999159,0.8899082568807339,E157,0,64,6721,6784,0.8989690721649485,0.8989690721649485,0.8990758137964506,0.0,3 2 2 2 2 2 2 2 2 2 2 2 2 2 2 2 2 2 1 1 1 1 1 1 1 1 1 1 1 1 1 1 1 1 1 1 1 1 1 1 1 1 1 1 1,1,updateDimmedActivatedHideSensitive overlap:<*>
Android,0.8,ground-truth,107,0.8944271909999159,0.8899082568807339,E34,0,64,6785,6848,0.8989690721649485,0.8989690721649485,0.8990758137964506,0.0,3 2 2 2 2 2 2 2 2 2 2 2 2 2 2 2 2 2 1 1 1 1 1 1 1 1 1 1 1 1 1 1 1 1 1 1 1 1 1 1 1 1 1 1 1,1,cancelPeek: <*>
Android,0.8,ground-truth,108,0.8944271909999159,0.8899082568807339,E78,0,64,6849,6912,0.8989690721649485,0.8989690721649485,0.8990758137964506,0.0,3 2 2 2 2 2 2 2 2 2 2 2 2 2 2 2 2 2 1 1 1 1 1 1 1 1 1 1 1 1 1 1 1 1 1 1 1 1 1 1 1 1 1 1 1,1,makeExpandedInvisible: mExpandedVisible=<*>
Android,0.8,ground-truth,109,0.8944271909999159,0.8899082568807339,E68,0,64,6913,6976,0.8989690721649485,0.8989690721649485,0.8990758137964506,0.0,3 2 2 2 2 2 2 2 2 2 2 2 2 2 2 2 2 2 1 1 1 1 1 1 1 1 1 1 1 1 1 1 1 1 1 1 1 1 1 1 1 1 1 1 1,6,interceptKeyTq keycode=<*> interactive=<*> keyguardActive=<*> policyFlags=<*> down <*> canceled <*>
